ErrorOccurred=com.exception.ReadFileException: File not Available, startingPoint=com.FileSystemFile.readAllBytes(FileSystemFile.java:30), additionalInfo=/this, remoteSocket=/0:0:0:0:0:0:0:1:55118
ErrorOccurred=com.exception.ReadFileException: File not Available, startingPoint=com.FileSystemFile.readAllBytes(FileSystemFile.java:30), additionalInfo=/test, remoteSocket=/0:0:0:0:0:0:0:1:55119
ErrorOccurred=com.exception.ReadFileException: File not Available, startingPoint=com.FileSystemFile.readAllBytes(FileSystemFile.java:30), additionalInfo=/test, remoteSocket=/0:0:0:0:0:0:0:1:55148
ErrorOccurred=com.exception.ReadFileException: File not Available, startingPoint=com.FileSystemFile.readAllBytes(FileSystemFile.java:30), additionalInfo=/pages, remoteSocket=/0:0:0:0:0:0:0:1:57046
ErrorOccurred=com.exception.ReadFileException: File not Available, startingPoint=com.FileSystemFile.readAllBytes(FileSystemFile.java:30), additionalInfo=/favicon.ico, remoteSocket=/0:0:0:0:0:0:0:1:57047
ErrorOccurred=com.exception.ReadFileException: File not Available, startingPoint=com.FileSystemFile.readAllBytes(FileSystemFile.java:30), additionalInfo=/pages/, remoteSocket=/0:0:0:0:0:0:0:1:57048
ErrorOccurred=com.exception.ReadFileException: File not Available, startingPoint=com.FileSystemFile.readAllBytes(FileSystemFile.java:30), additionalInfo=/pages/js/lib/require.min.js, remoteSocket=/0:0:0:0:0:0:0:1:57050
ErrorOccurred=com.exception.ReadFileException: File not Available, startingPoint=com.FileSystemFile.readAllBytes(FileSystemFile.java:30), additionalInfo=/pages/js/lib/require.min.js, remoteSocket=/0:0:0:0:0:0:0:1:57053
ErrorOccurred=com.exception.ReadFileException: File not Available, startingPoint=com.FileSystemFile.readAllBytes(FileSystemFile.java:30), additionalInfo=/pages/js/main.js, remoteSocket=/0:0:0:0:0:0:0:1:57084
ErrorOccurred=com.exception.ReadFileException: File not Available, startingPoint=com.FileSystemFile.readAllBytes(FileSystemFile.java:30), additionalInfo=/pages/js/main.js, remoteSocket=/0:0:0:0:0:0:0:1:57115
ErrorOccurred=com.exception.ReadFileException: File not Available, startingPoint=com.FileSystemFile.readAllBytes(FileSystemFile.java:30), additionalInfo=/pages/js/main.js, remoteSocket=/0:0:0:0:0:0:0:1:57122
ErrorOccurred=com.exception.ReadFileException: File not Available, startingPoint=com.FileSystemFile.readAllBytes(FileSystemFile.java:30), additionalInfo=/pages/js/main.js, remoteSocket=/0:0:0:0:0:0:0:1:57133
ErrorOccurred=com.exception.ReadFileException: File not Available, startingPoint=com.FileSystemFile.readAllBytes(FileSystemFile.java:30), additionalInfo=/pages/js/main.js, remoteSocket=/0:0:0:0:0:0:0:1:57145
ErrorOccurred=com.exception.ReadFileException: File not Available, startingPoint=com.FileSystemFile.readAllBytes(FileSystemFile.java:30), additionalInfo=/pages/js/main.js, remoteSocket=/0:0:0:0:0:0:0:1:57258
ErrorOccurred=com.exception.ReadFileException: File not Available, startingPoint=com.FileSystemFile.readAllBytes(FileSystemFile.java:30), additionalInfo=/pages/js/main.js, remoteSocket=/0:0:0:0:0:0:0:1:57274
